"TagName","TagDef"
"Architecture","Related to how the service is architected and likely where any work to fix would require changes to the architecture of the service"
"Architecture.BlastRadius","The current architecture does not allow for the most blast radius reduction, or there is another issue related to the blast radius of the impact"
"Architecture.Caching","Related to the lack of or insufficient caching patterns or the presence of any caching anti-patterns"
"Architecture.ColdStart","An issue related to cold start"
"Architecture.Config.Others","This is a placeholder for any configuration related issue that is not covered in the above tags. The outages assigned under this should be reviewed periodically so that meaningful tags can be created and assigned as needed. "
"Architecture.Database","Related to the way a database was integrated into the overall architecture or design of the service or specific scenario"
"Architecture.Database.Change","A change to the database was a factor"
"Architecture.Database.Deadlock","An issue related database deadlocks"
"Architecture.Database.InconsistentDBSettings","The settings for the database(s) were inconsistent, leading to a runtime situation where different behavior existed for the instance(s)"
"Architecture.DesignLimitation","There is a limitation in the current design of the service that prevents that part of the architecture to adequately perform it's role or be changed to adapt to new conditions"
"Architecture.DesignReview","An issue related to missing design review"
"Architecture.DNS","Related to the way DNS was integrated into the overall architecture or design of the service or specific scenario"
"Architecture.DNS.Change","A change related to the DNS settings or the code that handles DNS integration for the service"
"Architecture.DNS.Latent","The issue was not caused solely by a code or configuration change"
"Architecture.DOS","An issue related to an architectural condition that creates a possible Denial of Service, but not necessarily one related to increased load"
"Architecture.FeatureFlag","An issue related to the use of feature flags"
"Architecture.http.sys","The service uses http.sys, which is not recommended, or the issue is related to how the service currently uses http.sys"
"Architecture.HyperV","Related to how the service uses HyperV"
"Architecture.InsufficientFailOver","An issue related to insufficient fail over"
"Architecture.Linux","Related to how the service uses Linux, or to indicate lack of Linux support for the solution"
"Architecture.LoadBalancing","Related to how the service balances load"
"Architecture.NoAutoFailover","The service did not or cannot fail over effectively from one region to another"
"Architecture.NoCanaryEnvironment","The service does not have a Canary environment, or the existing one is insufficient"
"Architecture.NoCircuitBreaker","The service continued to execute expensive operations when it should not have"
"Architecture.NoSoftDelete","The issue could have been mitigated by implementation of a Soft Delete pattern, or where the existing Soft Delete pattern was insufficient"
"Architecture.PlatformGap","There is a platform gap that should be filled.  Use a third-level-tag to name the service owning the gap"
"Architecture.Quorum","Related to insufficient quorum selection"
"Architecture.RegionsInconsistent","The service's regions are insufficient to be used interchangeably or there is another difference that prevents regions from delivering consistent behavior"
"Architecture.RegionsInconsistent.SKUMismatch","The inconsistent region was due to a SKU mismatch"
"Architecture.ReplicationLag","An issue related to replication log"
"Architecture.Resiliency","The service is lacking adequate overall resiliency"
"Architecture.Resiliency.CircularDependency","The service either prevents or is prevented from recovering because it depends on a service that depends on it at the same time either in sum or for a specific recovery scenario"
"Architecture.Security","An issue related to security"
"Architecture.SNAT","Related to how the service uses SNAT"
"Architecture.Snowflake","The service is architected in a very unusual way"
"Architecture.SPOF","The service has a single point of failure  ( SPOF ) that causes impact if a trigger event causes it to malfunction or not function"
"Architecture.SPOF.Config","The single point of failure  ( SPOF ) is due to configuration, and SDP is not used"
"Architecture.SPOF.ControlPlane","The single point of failure is in the service's control plane"
"Architecture.SPOF.Dependency","The single point of failure  ( SPOF ) is another service or other dependency"
"Architecture.SPOF.External","The single point of failure is external to Microsoft"
"Architecture.SPOF.SharedIdentity","The single point of failure is a shared identity"
"Architecture.SPOF.Singleton","The single point of failure ( SPOF ) is a single instance of something"
"Architecture.SystemsOfControl ","Additional guardrails are needed to keep our engineers safe from performing actions with unintended consequences"
"Auth","An authentication or authorization related issue"
"Auth.AAD.Authentication","An issue related to authentication using Azure Active Directory"
"Auth.Cert","Related to any certificate code, configuration, or ability to authenticate using the certificate infrastructure owned by Microsoft"
"Auth.Cert.AllowListing","An issue caused by failure of, improper use, or change to an allow list"
"Auth.Cert.Change","Related to a change in the certificate code, configuration or a rotation"
"Auth.Cert.Change","Related to a change in the certificate code, configuration or a rotation"
"Auth.Cert.CodeBug","A bug in non-platform cert management / handling Authoring.Code."
"Auth.Cert.Expiry","Any outage where an expired certificate contributed to or caused the impact"
"Auth.Cert.ManualRotation","An issue related to manual rotation of a certificate"
"Auth.Cert.ManualRotation","An issue related to manual rotation of a certificate"
"Auth.Cert.MissingPrerequisite","A condition required for successful use of a certificate was missing"
"Auth.Cert.NotAzure","Related to any certificate code, configuration, or ability to authenticate using the certificate infrastructure owned by a non-Microsoft entity"
"Auth.Cert.ProvisioningFailure","The client failed because it was unable to get a certificate or it’s chain. If the service is using the platform (AKV / dSMS + KV VM ext / ACMS Agent + OneCert), then it’s our problem to fix. If the service is using their own cert distribution solution or cert binding solution, then it’s the service’s problem"
"Auth.Cert.ProvisioningMistake","Human error resulted in the a bad cert, a cert with missing properties, a cert from an unsupported PKI."
"Auth.Cert.RevocationCheckFailed","The client fails because it is not able to validate the revocation status of a certificate. This is usually because the CRL or OCSP endpoints that contain the revocation status are unreachable."
"Auth.Cert.ThumbprintPinning","Any time a client expects the certificate to have a specific value but it doesn’t. This could be thumbprint pinning, it could be a specific subject name or serial number, or any other property of the certificate"
"Auth.Password.Change","An issue caused by changing of a password"
"Auth.Secrets","An issue related to secrets management"
"Auth.Secrets.Keys.Change","An issue related to a change in secret keys"
"Auth.Secrets.Keys.Expiry","A key secret expired"
"Auth.Secrets.Keys.Rotation","An issue related to rotation of secrets keys"
"Auth.Secrets.ManualChange","An issue related to manual change to a secret"
"Auth.Secrets.ManualChange","An issue related to manual change to a secret"
"Auth.Secrets.Permission","Secrets could not be accessed due to a permission issue"
"Auth.Secrets.RubyScriptExpiry","A secret required for execution of a Ruby script expired"
"Auth.Secrets.SubscriptionExpiry","Any outage where an expired subscription contributed to or caused the impact"
"Auth.Secrets.TokenExpiry","An issue related to expiration of a token"
"Auth.Software.LicenseExpiry","An issue caused by expiration of a license the service uses"
"Authoring","Issues related to authoring things like code, config, TSGs etc... "
"Authoring.Code.BackwardCompatibility ","An issue related to the deployed code not being backwards compatible with older versions"
"Authoring.Code.BadMerge.Change","An issue related to a merge of code check-ins"
"Authoring.Code.Bug","A bug was introduced in the authoring process of the code"
"Authoring.Code.Bug.AtScale","A bug introduced in the authoring process of code that only shows up when the service was actually run at a higher scale "
"Authoring.Code.Bug.Change","A code bug that was caused by change in the code"
"Authoring.Code.Bug.Change","A bug was introduced in the authoring process of the code"
"Authoring.Code.Bug.Latent","A bug existed but some other combination of events exposed it"
"Authoring.Code.Bug.OpsTool","An issue related to a bug in a tool used by the service, operation or other team"
"Authoring.Code.Bug.RaceCondition","A bug was present which either only showed up in a race condition or created a race condition itself"
"Authoring.Code.Change","An issue related to a change in the service code"
"Authoring.Code.CodeReview","An issue related to the code review process"
"Authoring.Code.Flighting","An issue related to the way code versions are flighted"
"Authoring.Code.Fuzzing","Tagged when an opportunity to use fuzzing to detect problems may exist"
"Authoring.Code.InsufficientRetryLogic","An issue related to when the service uses a retry pattern when appropriate, but the implementation is insufficient "
"Authoring.Code.Latent","A latent issue in the code that was exposed to a change elsewhere"
"Authoring.Code.NoRetryLogic","The service should be using retry pattern when called for, but is not "
"Authoring.Code.SharedCodeBase.Change","A change was made in a shared code base"
"Authoring.Code.VersionMismatch.Change","An issue related to any mismatch of versions of code or code libraries"
"Authoring.Config","An issue related to authoring a configuration."
"Authoring.Config.Change","A change was made to a configuration of any kind"
"Authoring.Config.Change","A change was made to a configuration of any kind"
"Authoring.Config.ConfigReview","An issue related to the config review process"
"Authoring.Config.ConfigReview","An issue related to the config review process"
"Authoring.Config.Consumption.DataSerialization","Parser could not parse the config file   "
"Authoring.Config.Consumption.DataSerialization","Parser could not parse the config file   "
"Authoring.Config.Distribution.IncorrectScope ","Scope of the variable was set incorrectly e.g. Variable value was supposed to be read from the Tenant level and not global level or vice versa.   "
"Authoring.Config.Distribution.IncorrectScope ","Scope of the variable was set incorrectly e.g. Variable value was supposed to be read from the Tenant level and not global level or vice versa.   "
"Authoring.Config.Distribution.IncorrectScope ","Scope of the variable was set incorrectly e.g. Variable value was supposed to be read from the Tenant level and not global level or vice versa.   "
"Authoring.Config.FeatureFlag","The updates were not available because someone forgot to update or remove the Feature flag causing code deployment/initiation issues.  "
"Authoring.Config.FeatureFlag","The updates were not available because someone forgot to update or remove the Feature flag causing code deployment/initiation issues.  "
"Authoring.Config.InvalidValue","Incorrect value or data type was entered"
"Authoring.Config.InvalidValue","Incorrect value or data type was entered"
"Authoring.Config.InvalidValue","Incorrect value or data type was entered"
"Authoring.Config.Latent","A latent configuration issue that was not caused by change to the config"
"Authoring.Config.MissingValidation","An issue related to not validating a config properly"
"Authoring.Config.MissingValidation","An issue related to not validating a config properly"
"Authoring.Config.NetworkRouter","Any outage that is caused by changes in the config related to router settings or has the words PhyNet, Router Config, BGP should be tagged with this"
"Authoring.Config.NetworkRouter","Any outage that is caused by changes in the config related to router settings or has the words PhyNet, Router Config, BGP should be tagged with this"
"Authoring.Config.Others","This tag should be applied if the existing configuration tags cannot be applied since they do not cover the root cause. The outages with this tag will be evaluated to see if a new tag needs to be created or existing tags needs to have a better definition."
"Authoring.Config.Others","This tag should be applied if the existing configuration tags cannot be applied since they do not cover the root cause. The outages with this tag will be evaluated to see if a new tag needs to be created or existing tags needs to have a better definition."
"Authoring.Config.SchemaRule","The schema of the config file was incorrect or missing e.g. Incorrect casing was used e.g., Prd05ChApp instead of prd05chapp or decimal value was entered when integer was expected etc."
"Authoring.Config.SchemaRule","The schema of the config file was incorrect or missing e.g. Incorrect casing was used e.g., Prd05ChApp instead of prd05chapp or decimal value was entered when integer was expected etc."
"Authoring.Config.SchemaRule","The schema of the config file was incorrect or missing e.g. Incorrect casing was used e.g., Prd05ChApp instead of prd05chapp or decimal value was entered when integer was expected etc."
"Authoring.Config.StructureError","The section of new configuration value was entered under a wrong section.    "
"Authoring.Config.StructureError","The section of new configuration value was entered under a wrong section.    "
"Authoring.Config.StructureError","The section of new configuration value was entered under a wrong section.    "
"Authoring.Documentation","There was a documentation gap, mistake or other issue in something that is authored"
"Authoring.Documentation.Cert","An issue related to documentation about the service's usage of certificates "
"Authoring.Documentation.MissingTsgId","The Trouble Shooting Guide ID was missing"
"Authoring.Documentation.NoOrInsufficientTSG","The DRI either lacked or had an insufficient Trouble Shooting Guide in terms of accuracy as well as efficiency"
"Authoring.Documentation.S360","An issue related to working on an S360 task, such as having improper instructions in the S360 wiki document"
"Authoring.Documentation.Tools","An issue related to documentation about the service's usage of tools"
"Authoring.RunBook.Insufficient","The DRI  had an insufficient runbook in terms of accuracy as well as efficiency"
"Authoring.RunBook.InsuffientForAirGapped","The DRI  had an insufficient runbook for Air Gapped Cloud in terms of accuracy as well as efficiency"
"Authoring.RunBook.Missing","The DRI lacked runbook in terms of accuracy as well as efficiency"
"Authoring.RunBook.NeedsExecutable","The DRI had lacked executable runbook in terms of accuracy as well as efficiency"
"Authoring.RunBook.Stale","The DRI had a stale runbook in terms of accuracy as well as efficiency"
"Authoring.RunBook.WrongInfo","The DRI had incorrect information in the runbook in terms of accuracy as well as efficiency"
"Datacenter.BuildOut.MissedValidation","When building out a new region or zone, there was an error, missing step or missing validation resulting in impactful non-conformity"
"Datacenter.BuildOutError","When building out a new region or zone, there was an error, missing step or other issue resulting in impactful non-conformity"
"Datacenter.BuildOutError.SequenceNotAligned","When building out a new region or zone, there was sequence was not followed which resulting in impactful non-conformity"
"Datacenter.Hardware","Related to hardware provided by or part of the datacenter"
"Datacenter.Hardware.EOL","Hardware that was past it's End Of Life date contributed to impact"
"Datacenter.Network","Catch all for networking related issues not defined with a third level tags"
"Datacenter.Network.Capacity","Network capacity was exceeded, or otherwise insufficient"
"Datacenter.Network.Change","An issue related to a change in the service's networking"
"Datacenter.Network.Config.Change","An issue related to a change in the network configuration"
"Datacenter.Network.Driver","An issue related to a network driver, such as a code bug, outdated version etc…"
"Datacenter.Network.Driver.Change","An issue related to a network hardware driver installation update, change or removal"
"Datacenter.Network.FiberCut","Fiber connecting datacenters was severed"
"Datacenter.Network.Firewall","An issue related to an Incorrectly configured firewall"
"Datacenter.Network.Latency","A delay caused by the network as a whole"
"Datacenter.Network.PacketLoss","An issue caused by packet loss"
"Datacenter.Network.Port","An issue related to a network port"
"Datacenter.Power","An issue related to interruption or other unavailability of power in the datacenter"
"Dependency","Issues related to a dependency the service has, most typically another service but can also be some things where a boundary between teams is present"
"Dependency.AAD","An issue related to a dependency on Azure Active Directory"
"Dependency.AccountsManager","An issue related to a dependency on Accounts Manager"
"Dependency.ADAL","An issue related to a dependency on the Active Directory Authorization Library"
"Dependency.AppService","An issue related to a dependency on App Service"
"Dependency.ARM","An issue related to a dependency on Azure Resource Manager"
"Dependency.AtlasPlatfrom","An issue related to a dependency on Atlas Platform"
"Dependency.AzureCapacityInfrastructureService","An issue related to a dependency on Azure Capacity Infrastructure Service"
"Dependency.AzureCloudShell","An issue related to a dependency on AzureCloudShell"
"Dependency.AzureContainerInstances","An issue related to a dependency on Azure Container Instances"
"Dependency.AzureFilesService","An issue related to a dependency on Azure File Service"
"Dependency.AzureHostAgent","An issue related to a dependency on Azure Host Agent"
"Dependency.AzureKubernetesService","An issue related to a dependency on Azure Kubernetes Service"
"Dependency.AzureMonitorEssentials","An issue related to a dependency on Azure Monitor Essentials"
"Dependency.AzureMySQL","An issue related to a dependency on Azure MYSQL"
"Dependency.AzureNotificationService","An issue related to a dependency on Azure Notification Service"
"Dependency.AzureRT","An issue related to a dependency on Azure Run Time"
"Dependency.AzureSQLDB","An issue related to a dependency on Azure SQLDB"
"Dependency.BatchService","An issue related to a dependency on BatchService"
"Dependency.BuildNotificationService","An issue related to a dependency on Build Notification Service"
"Dependency.C++","An issue related to a dependency on C++"
"Dependency.Communication","A communication gap with a service dependency team contributed to a non-optimal TTM or otherwise affected the ability to resolve the issue in a timeline manner"
"Dependency.CosmosDB","An issue related to a dependency on Cosmos DB"
"Dependency.Database.Connection","An issue related to a dependency on Database Connection"
"Dependency.Databricks","An issue related to a dependency on Databricks"
"Dependency.DNS","An issue related to a dependency on DNS"
"Dependency.DotNet","An issue related to a dependency on DotNet"
"Dependency.dSMS","An issue related to a dependency on Datacenter Secrets Management Service"
"Dependency.dSTS","An issue related to a dependency on Datacenter Security Token Service"
"Dependency.Dynamics","An issue related to a dependency on Dynamics"
"Dependency.ESRP","An issue related to a dependency on Enterprise Security and Release Platform"
"Dependency.ESTS","An issue related to a dependency on Evolved Secure Token Service"
"Dependency.EventHub","An issue related to a dependency on Event Hub"
"Dependency.External.Akamai","An issue related to a dependency on External service Akamai"
"Dependency.External.AndroidSDK","An issue related to a dependency on External Service Android SDK"
"Dependency.External.Cerebata","An issue related to a dependency on External service Cerebeta"
"Dependency.External.Conda","An issue related to a dependency on External service Conda"
"Dependency.External.DigiCert","An issue related to a dependency on External service DigiCert"
"Dependency.External.DockerHub","An issue related to a dependency on External service Docker Hub"
"Dependency.External.GitHub","An issue related to a dependency on GitHub"
"Dependency.External.GoDaddy","An issue related to a dependency on External service GoDaddy"
"Dependency.External.Kubernetes","An issue related to a dependency on External service Kubernetes"
"Dependency.External.LinuxSecureBaseImage","An issue related to a dependency on External service Linux Secure Base Image"
"Dependency.External.MediaCreation","An issue related to a dependency on External service Media Creation"
"Dependency.External.OryxBuildImage","An issue related to a dependency on OryxBuildImage"
"Dependency.External.TelecommunicationProvider","An issue related to a dependency on External Tele Communication Provider"
"Dependency.External.TrelloApis","An issue related to a dependency on External service Trello Apis"
"Dependency.External.Ubuntu","An issue related to a dependency on External service Ubuntu"
"Dependency.Gateway","An issue related to a dependency on Gateway"
"Dependency.Geneva","An issue related to a dependency on Geneva"
"Dependency.KeyVault","An issue related to a dependency on Key Vault"
"Dependency.Kusto","An issue related to a dependency on Kusto"
"Dependency.LogicAppService","An issue related to a dependency on Logic App Service"
"Dependency.ManagedIdentityService","An issue related to a dependency on Managed Identity Service"
"Dependency.MarketPlace","An issue related to a dependency on Market Place"
"Dependency.MDS","An issue related to a dependency on MDS"
"Dependency.MicrosoftDigital","An issue related to a dependency on Microsoft Digital"
"Dependency.MicrosoftEmailOrchestration(MEO)","An issue related to a dependency on Microsoft Email Orchestration"
"Dependency.Network","An issue related to a dependency on the network"
"Dependency.NetworkConnectivity","An issue related to a dependency on Network Connectivity"
"Dependency.NetworkingResourceProvider","An issue related to a dependency on Networking Resource Provider"
"Dependency.Operations Management Suite (OMS)","An issue related to a dependency on Operations Management Suite (OMS)"
"Dependency.OSSDatabases","An issue related to a dependency on OSS Databases"
"Dependency.OSUpgrade.Change","An issue related to a change made to upgrade any operating system version"
"Dependency.Package.Change","An issue related to a change made in a package provided by or used to for a dependency"
"Dependency.PartnerTeam","An issue related to a dependency on Partner Team"
"Dependency.PlatformUpgrade.Change","An issue related to a change made to upgrade the version of any dependency considered a platform"
"Dependency.PolicyAdministrationService","An issue related to a dependency on Policy Administration Service"
"Dependency.PolicyAgent","An issue related to a dependency on Policy Agent"
"Dependency.Portal","An issue related to a dependency on Portal"
"Dependency.PowerApps","An issue related to a dependency on PowerApps"
"Dependency.PowerBI.Gateway","An issue related to a dependency on Power BI Gateway"
"Dependency.PowerShellAPI","An issue related to a dependency on Power Shall API"
"Dependency.PrivateLink","An issue related to a dependency on Private Link"
"Dependency.Purview","An issue related to a dependency on Purview"
"Dependency.RdAgent","An issue related to a dependency on RD Agent"
"Dependency.RedisCache","An issue related to a dependency on Redis Cachie"
"Dependency.RegionalNetworkManager","An issue related to a dependency on Regional Network Manager"
"Dependency.SDK","An issue related to a dependency on an SDK"
"Dependency.SDK.Cosmos","An issue related to a dependency on Cosmos SDK"
"Dependency.SDK.Storage","An issue related to a dependency on Storage SDK"
"Dependency.ServiceBus","An issue related to a dependency on Service Bus"
"Dependency.ServiceFabric","An issue related to a dependency on Service Fabric"
"Dependency.Services.CodeBug","An issue related to a code bug in a service dependency"
"Dependency.ServiceTreeEngineeringTeam","An issue related to a dependency on Service Tree Engineering Team"
"Dependency.ShortTimeout.TreatmentAssignmentService","An issue related to a short timeout period when  Treatment Assignment Service"
"Dependency.SimpleMailTransferProtocol","An issue related to a dependency on Simple Mail Transfer Protocol"
"Dependency.SQL","An issue related to a dependency on SQL"
"Dependency.SQLDB","An issue related to a dependency on SQLDB"
"Dependency.Storage","An issue related to a dependency on Storage"
"Dependency.SynapsePlatformService","An issue related to a dependency on Synapse Platform Service"
"Dependency.TrafficManager","An issue related to a dependency on TrafficManager"
"Dependency.TreatmentAssignmentService","An issue related to a dependency on the Treatment Assignment Service"
"Dependency.VMHardware","An issue related to a dependency on Virtual Machine Hardware"
"Dependency.VMSS","An issue related to a dependency on Virtual Machine Scale Sets"
"Dependency.WebRoleCloudService","An issue related to a dependency on Web Role Cloud Service"
"Deployment","Issues related to deployment of code or config"
"Deployment.ARMManifest.Change","An issue related to a change in the ARM Manifest"
"Deployment.AZDeployer","An issue related to using AZ Deployer"
"Deployment.BlastRadius.Change","An change caused an increase in the blast radius of the impact"
"Deployment.Bypassed.PreProdEnvironment","Deployment was not deployed in Pre Prod Environments"
"Deployment.Concurrency","An issue related to concurrency between different deployments"
"Deployment.Config.CodeConfigVersionMismatch","This should be applied to instances when the outage was caused because the code version was not compatible with the configuration version e.g. During deployment to 4 regions one of the region had older code but the new configurations were deployed causing outage for that region since the configuration and the code were not compatible."
"Deployment.Config.Consumption.DataSerialization","Parser could not parse the config file   "
"Deployment.Config.Consumption.Drift","Local configuration overrides are directly deployed creating drift between the as-built (the configuration deployed) and the configuration in the base systems of record e.g. someone made direct changes to the production config file but those changes were never merged into the master copy causing those changes to be overwritten when next configuration updates are deployed.  "
"Deployment.Config.Consumption.Drift","Local configuration overrides are directly deployed creating drift between the as-built (the configuration deployed) and the configuration in the base systems of record e.g. someone made direct changes to the production config file but those changes were never merged into the master copy causing those changes to be overwritten when next configuration updates are deployed.  "
"Deployment.Config.Distribution.IncompatibleVersion","Incorrect version of the config file was loaded e.g. with Release 80, instead of Version 5 config file, version 4 config was loaded. Configuration version needs to have an explicit version dependency against service (code) versions   "
"Deployment.Config.Distribution.IncompatibleVersion","Incorrect version of the config file was loaded e.g. with Release 80, instead of Version 5 config file, version 4 config was loaded. Configuration version needs to have an explicit version dependency against service (code) versions   "
"Deployment.ConflictingChanges.Change","Conflicting changes were made during a deployment"
"Deployment.Dependency.Change","An issue related to a change in a dependency"
"Deployment.Deployed.IncorrectPackage","Deployed incorrect package during a deployment"
"Deployment.DeploymentItself.Change","A change to the way deployment is done caused impact"
"Deployment.Environment.Canary.Mismatch","The service's Canary deployment does not match it's other regions in a way that meant it did not help detect the issue"
"Deployment.Environment.NationalCloud.Mismatch","The service's National deployment does not match it's other regions "
"Deployment.ManualTouch.Change","An issue related to any number of manual touches that changed the deployment"
"Deployment.ManualTouch.Change","An issue related to any number of manual touches that changed the deployment"
"Deployment.MissingPrerequisite.Change","A change was made to a deployment and now a prerequisite is missing"
"Deployment.Mitigation.Failed","A mitigation applied during deployment was not effective"
"Deployment.Mitigation.ManualTouch","An issue related to a manual touch done specifically to mitigate something during a deployment"
"Deployment.Mitigation.NoRollback","No rollback path exists or the knowledge and tools for rolling back were insufficient"
"Deployment.Mitigation.RollbackChange","A change made to the way things roll back contributed to impact"
"Deployment.NoFeatureFlag","A feature flag that could have prevented the issue was missing"
"Deployment.Patching","An issue related to Patching"
"Deployment.RaceCondition.Change","An issue related to a race condition between two different deployments that must be synchronized caused by change"
"Deployment.RaceCondition.Latent","An issue related to a race condition between two different deployments that must be synchronized that has existed"
"Deployment.Recovery.SoftDelete","An issue related to not having soft deletion when it would have helped reduce impact or time to recover"
"Deployment.SDP","An issue related to Safe Deployment Practices"
"Deployment.SDP.Cert.ByPassed","A cert deployment had one or more steps that bypassed safe deployment protections"
"Deployment.SDP.Cert.ByPassed","A cert deployment had one or more steps that bypassed safe deployment protections"
"Deployment.SDP.Cert.InsufficientBakeTime","The issue could have been caught if more time were allowed for it to hit a broader range of permutations through the system"
"Deployment.SDP.Cert.InsufficientBakeTime","The issue could have been caught if more time were allowed for it to hit a broader range of permutations through the system"
"Deployment.SDP.Code","An issue related to Safe Deployment Practices of code"
"Deployment.SDP.Code.AvailabilityZone","An issue around the way the code can or cannot work when deployed into an availability zone"
"Deployment.SDP.Code.Bypassed","A code deployment had one or more steps that bypassed safe deployment protections"
"Deployment.SDP.Code.CaughtInCanary","The code deployment issue was detected in the Canary environment"
"Deployment.SDP.Code.Flighting","Safe Deployment Practices were not followed when flighting changes during a deployment"
"Deployment.SDP.Code.InsufficientBakeTime","The issue could have been caught if more time were allowed for it to hit a broader range of permutations through the system"
"Deployment.SDP.Code.NoStandardTool","Non-standard or non-approved deployment tools were used"
"Deployment.SDP.Code.NotCaughtInCanary","The issue was not caught in the Canary environment"
"Deployment.SDP.Code.Secrets","An issue related to the way the code access or uses secrets"
"Deployment.SDP.Code.StageGuidance","Proper guidance around how code deployments should advance through the various rings or stages was not followed"
"Deployment.SDP.Code.Validation","An issue around the way the code is validated during deployment"
"Deployment.SDP.Config","An issue related to Safe Deployment Practices of config"
"Deployment.SDP.Config.BreakGlass","Someone directly changed config on the target node(s) and broke the service. "
"Deployment.SDP.Config.BreakGlass","Someone directly changed config on the target node(s) and broke the service. "
"Deployment.SDP.Config.IncorrectVersionRollout","The incorrect version of the configuration file was rolled out e.g. team is in the process of rolling out code version N+1, a new configuration rollout against code version N was serialized behind the code rollout.  "
"Deployment.SDP.Config.IncorrectVersionRollout","The incorrect version of the configuration file was rolled out e.g. team is in the process of rolling out code version N+1, a new configuration rollout against code version N was serialized behind the code rollout.  "
"Deployment.SDP.Config.MissingSDP","Configuration deployment does not follow Safe Deployment Practices"
"Deployment.SDP.Config.MissingSDP","Configuration deployment does not follow Safe Deployment Practices"
"Deployment.SDP.Config.NoLKG","Covers cases where a service was not able to rollback a bad config in the target. "
"Deployment.SDP.Config.NoLKG","Covers cases where a service was not able to rollback a bad config in the target. "
"Deployment.SequenceNotAligned","An issue related to the sequence of steps in a deployment"
"Detection","Issues related to detecting problems before they affect production"
"Detection.Monitoring","Issues related to detecting issues with monitoring"
"Detection.Monitoring.AlertDidNotFire","An alert that was correctly configured to detect the issue did not fire"
"Detection.Monitoring.AlertTooSlow","An alert that was correctly configured arrived too late, or with impactful delay"
"Detection.Monitoring.Bug","An issue related to a bug in monitoring"
"Detection.Monitoring.CertDeployment.InsufficientHealthSignal","The Cert deployment did not encompass positive health signals from the target services and deployed the latest configuration causing failures.  "
"Detection.Monitoring.CodeDeployment.InsufficientHealthSignal","The code deployment did not encompass positive health signals from the target services and deployed the latest configuration causing failures.  "
"Detection.Monitoring.ConfigDeployment.InsufficientHealthSignal","The configuration deployment did not encompass positive health signals from the target services and deployed the latest configuration causing failures.  "
"Detection.Monitoring.ConfigDeployment.InsufficientHealthSignal","The configuration deployment did not encompass positive health signals from the target services and deployed the latest configuration causing failures.  "
"Detection.Monitoring.InCorrectThreshold","An alert threshold was set incorrectly, and did not detect the issue"
"Detection.Monitoring.InsufficientTelemetry","An issue related to lack of signals"
"Detection.Monitoring.MissingAlert","An alert is missing, but telemetry and signals exist"
"Detection.Monitoring.MissingAlert.Cert","An alert is missing during cert deployment, but telemetry and signals exist"
"Detection.Monitoring.MissingCustomerScenario","Monitoring to detect a specific customer scenario is missing"
"Detection.Monitoring.NoAutoTriage","Autotriage does not exist for the monitoring signals"
"Detection.Monitoring.NoSLOInstrumentation","An SLO is missing"
"Detection.Monitoring.PlatformGap","An issue related to a platform gap in monitoring"
"Detection.Monitoring.Synthetic","An issue related to active monitoring"
"Detection.Monitoring.Synthetic.MissingAlert","An issue related to active monitoring not having an alert "
"Detection.Monitoring.Synthetic","An issue related to active monitoring"
"Detection.Monitoring.Synthetic.MissingAlert","An issue related to active monitoring not having an alert "
"Detection.Monitoring.WrongAlertSeverity","An otherwise correctly configured alert was set to the wrong severity"
"Detection.Validation.BackwardCompatibility ","The validation methods in place were not backward compatible"
"Detection.Validation.BackwardCompatibility ","An issue related to not validating that something is backwards compatible before being put into production"
"Detection.Validation.CanaryNotProd","The canary environment being used is not a production environment"
"Detection.Validation.Cert","An issue related to not validating a certificate properly"
"Detection.Validation.Cert","An issue related to not validating a certificate properly"
"Detection.Validation.CertDeployment.MissingTest","A cert deployment validation that could have detected the issue was missing"
"Detection.Validation.Chaos","Chaos testing may be able to detect or help measure impact and should be investigated as a means of validating behavior"
"Detection.Validation.Chaos","Chaos testing may be able to detect or help measure impact and should be investigated as a means of validating behavior"
"Detection.Validation.CodeDeployment.MissingTest","A code deployment validation that could have detected the issue was missing"
"Detection.Validation.ConfigDeployment.MissingTest","A config deployment validation that could have detected the issue was missing"
"Detection.Validation.ConfigDeployment.MissingTest","A config deployment validation that could have detected the issue was missing"
"Detection.Validation.FaultInjection","Fault Injection may be able to detect or help measure impact and should be investigated as a means of validating behavior"
"Detection.Validation.ForwardCompatibility","The validation methods in place were not forward compatible"
"Detection.Validation.ForwardCompatibility","The validation methods in place were not forward compatible"
"Detection.Validation.Fuzzing","Fuzzing should be investigated as a way to help detect these types of issues"
"Detection.Validation.IntegrationTest.Missing","An integration test that could have detected the issue was missing"
"Detection.Validation.IntegrationTest.MissingEnvironment","An integration test that could have detected the issue was missing environment"
"Detection.Validation.IntegrationTest.NotCaughtInCanary","An integration test that could have detected the issue in Canary environment was missing"
"Detection.Validation.IntegrationTest.NotCaughtInCanary","The issue was not caught in the Canary environment or another environment that could have detected it before it impacted production"
"Detection.Validation.IntegrationTest.NotRun","An integration test that could have detected the issue was not run"
"Detection.Validation.IntegrationTest.ResultIgnored","An integration test result was ignored  that could have detected the issue"
"Detection.Validation.ManualTest.Missing","A manual test that could have detected the issue was missing"
"Detection.Validation.ManualTest.NotRun","A manual test that could have detected the issue was not run"
"Detection.Validation.ManualTest.ResultIgnored","A manual test result was ignored  that could have detected the issue"
"Detection.Validation.MissingIntegrationTesting","An integration test that could have detected the issue was missing"
"Detection.Validation.MissingPostBuild.Testing","A Post Build test that could have detected the issue was missing"
"Detection.Validation.MissingPreProduction.Testing","A Pre Production test that could have detected the issue was missing"
"Detection.Validation.MissingProduction.Testing","A Production test that could have detected the issue was missing"
"Detection.Validation.MissingTestCoverage","A test that could have detected the issue was missing"
"Detection.Validation.MissingTestCoverage","A test that could have detected the issue was missing"
"Detection.Validation.UnitTest.Bug","A Unit test that could have detected the issue has a bug"
"Detection.Validation.UnitTest.Missing","A Unit test that could have detected the issue was missing"
"Detection.Validation.UnitTest.StandardsGap","A unit test that could have detected the issue has standards gap"
"Duplicate","This is used to indicate there is another incident that is responsible, so while we track this incident the tags are assigned to the other incident that is responsible"
"Load","Any issue caused by the service not being able to handle changes in load"
"Load.Config.Scaling","The outage was caused because the service to fetch the configuration could not handle the load and it failed causing the outage. "
"Load.DOS","An issue related to a condition where increased load results in a Denial of Service"
"Load.Inrush","An issue related to the sudden increase in load, but not sustained load"
"Load.Inrush.SingleCustomer","An issue related to the sudden increase in load caused by a single customer, but not sustained load"
"Load.LackOFCapacity","The service lacked capacity to handle load"
"Load.RetryImplemenation","The service did not have an adequate retry strategy or implementation for when client's retry requests against it"
"Load.Scaling","Related to increasing or decreasing capacity according to load"
"Load.Scaling.AutoscaleInsufficient","The service's current autoscaling practice or functionality is not sufficient to handle increasing load"
"Load.Scaling.NoAutoscale","The service does not automatically increase capacity when subject to increasing load"
"Load.Throttling","The service does not properly throttle incoming requests, or does not behave properly when being throttled"
"Load.Throttling.BucketPerOperation","All operations MUST expose a normalized resource cost."
"Load.Throttling.MissingDetection","The service lacked telemetry to know when it was throttling or being throttled"
"Load.Throttling.NoisyNeighbor","Excess load from one tenant negatively impacted another tenant despite having throttling"
"Load.Throttling.NonStandardApproach","Current throttling mechanism is not a token bucket based algorithm or is otherwise not developed using proven practices"
"Load.Throttling.NoOverride","All services MUST be able to override throttling behavior, to handle inrush (slowly dialing up overall capacity during recovery conditions), with specific capabilities for whitelisting/blacklisting operations and users/tenants/subscriptions/etc. via direct token replenishment or bypassing quota enforcement"
"Load.Throttling.NoSelectiveThrottling","Services need to be aware of upstream calling patterns, and whether successful user outcomes require a minimum sequence of operations.   "
"Load.Throttling.NoThrottling","The service does not have any throttling of incoming requests"
"Load.Throttling.PunitiveThrottling​","All services MUST be able to handle non-uniformity in their user facing throttling scopes, in an appropriately scalable and manageable fashion"
"Load.Throttling.ScopesNotAlignedWithBlastRadius​​","All services need to align throttling scopes against the throttling blast radius to minimize impact of noisy neighbors, even within an individual customer scope (e.g. a single misbehaved script cannot lock a customer out of management of an entire subscription). "
"Load.Throttling.TarPit","Services must NOT implement “tar pit” throttling approaches, where they delay response for a period of time in order to reduce the volume of incoming work (or hold processing the request until the throttling period has passed).  Instead, services must be prepared to immediately respond with the appropriate throttling codes (e.g. 429) on a transient or enduring basis (blacklisting).  "
"Load.Throttling.Throttled","The service was throttled, and did not handle it correctly"
"Load.Throttling.ThrottlingInsufficient","The service has throttling, but it is insufficient and there can be or was impact"
"Load.Throttling.WrongResponseCode","The service is not sending the correct response code when it is throttled or throttling clients"
"Performance","An issue that caused excess latency"
"Performance.Caching","An issue related to how the service caches, but not an architectural limitation."
"Performance.Config.Latency","A configuration issue contributed to increased latency"
"Performance.CPU","An issue related to CPU usage with the current code"
"Performance.Database","An issue related to Database usage with the current code"
"Performance.DiskIO","An issue related to DiskIO usage with the current code"
"Performance.Java","An issue related to Java usage with the current code"
"Performance.Memory","An issue related to Memory usage with the current code"
"Performance.Ports","An issue related to Ports usage with the current code"
"Performance.Threads","An issue related to Threads usage with the current code"
"Process","Any issue where a process existed and that process or the lack of a process was a contributing factor"
"Process.AccidentalDelete","A non-manual touch process was used to delete something, like a resource"
"Process.AzureDisasterRecoveryDrill","An issue related to an Azure Disaster Recovery Drill"
"Process.Communication","A communication ISSUE contributed to a non-optimal TTM or otherwise affected the ability to resolve the issue in a timeline manner"
"Process.CommunicationGap","A communication GAP contributed to a non-optimal TTM or otherwise affected the ability to resolve the issue in a timeline manner"
"Process.Deprecation","An issue related to the process followed during deprecation"
"Process.DRITraining","An issue related to the process used for Designated Responsible Individual (DRI) Training, the quality of the training, or the lack of training"
"Process.DRITraining.LackofTools","An issue related to the lack of tools that could have replaced the need for Designated Responsible Individual (DRI) Training, or an issue related to training on that tool"
"Process.EngDesign","An issue related to the process a team follows for engineering"
"Process.Gameday","An issue related to the process followed to prevent ""Game Day"" or  possibly ""High Priority Events"" from having impact"
"Process.KnowledgeGap","There was a knowledge gap that prevented successful execution of a process"
"Process.LeapYear","An issue related to the process used to detect, mitigate or prevent problems arising during leap years or leap seconds."
"Process.LongRecovery","An issue related to a process that resulted in a long recovery, or could have been further optimized"
"Process.Maintenance","An issue related to the process followed during Maintenance"
"Process.ManualRollover.Cert","An issue related to the process used to manually roll over a cert"
"Process.ManualRollover.Cert","An issue related to the process used to manually roll over a cert"
"Process.ManualTouch","There was a manual touch made during what should normally be a no touch process"
"Process.ManualTouch.AccidentalDelete","A manual touch was used to delete something, like a resource"
"Process.ManualTouch.Change","An issue related to a manual touch that changed something"
"Process.ManualTouch.Change","An issue related to a change in the way manual touches are made"
"Process.Migration","An issue related to the process followed for a migration of various types"
"Process.Migration.MissedStep","An issue related to a missing step in the process followed for a migration of various types"
"Process.MigrationNotCompleted","An issue related to migration not completed"
"Process.NoFly","An issue related to the process followed for, or the No Fly information itself"
"Process.NoGenevaAction","An issue related to no Geneva Action"
"Process.OpsTool","Used to note the use of an OpsTool.  Whether or not it is approved or not approved for Compliant Automated Touches is not considered"
"Process.Other","We don't need this.  Just ""Process"" works…and having ""Other breaks our model of having folks just suggest something."
"Process.Permissions","An issue related to the process used to add, remove, update or delete permissions "
"Process.Portal","An issue related to the process used to access and use the Azure Portal"
"Process.PostmortemLowQuality","The postmortem being analyzed is low quality as defined by the Postmortem Quality Review program"
"Process.PreMortem","Used to indicate where doing a premortem/Risk Threat Model could have helped"
"Process.ReleaseGate ","An issue related to the process followed by release gates"
"Process.SafeFly","An issue related to the process followed for, or the Safe Fly information itself"
"Process.SPC","An issue related to lack of a Safe Production Change"
"ToBeAnalyzed",""
"Authoring.Config.MissingValue","Missing expected value(s) or argument(s)"
